{
  "INFO": {
    "failedjobs": 0,
    "size": 5
  },
  "CSV_FILE": "/services/SignalP-6.0/tmp/68706516000659EDA32ECA44/prediction_results.txt",
  "MATURE_FILE": "/services/SignalP-6.0/tmp/68706516000659EDA32ECA44/processed_entries.fasta",
  "GFF_FILE": "/services/SignalP-6.0/tmp/68706516000659EDA32ECA44/output.gff3",
  "ZIP_FILE": "/services/SignalP-6.0/tmp/68706516000659EDA32ECA44/output_all_results.zip",
  "SEQUENCES": {
    "RKU40201.1 hypothetical protein DL546_000999 _Coniochaeta pulveracea_": {
      "Name": "RKU40201.1 hypothetical protein DL546_000999 _Coniochaeta pulveracea_",
      "Plot_eps": "/services/SignalP-6.0/tmp/68706516000659EDA32ECA44/output_RKU40201_1_plot.eps",
      "Plot_png": "/services/SignalP-6.0/tmp/68706516000659EDA32ECA44/output_RKU40201_1_plot.png",
      "Plot_txt": "/services/SignalP-6.0/tmp/68706516000659EDA32ECA44/output_RKU40201_1_plot.txt",
      "Prediction": "Signal Peptide (Sec/SPI)",
      "Likelihood": [
        0.0002,
        0.9999
      ],
      "Protein_types": [
        "Other",
        "Signal Peptide (Sec/SPI)"
      ],
      "CS_pos": "Cleavage site between pos. 21 and 22. Probability 0.830211"
    },
    "RKU40548.1 hypothetical protein DL546_002638 _Coniochaeta pulveracea_": {
      "Name": "RKU40548.1 hypothetical protein DL546_002638 _Coniochaeta pulveracea_",
      "Plot_eps": "/services/SignalP-6.0/tmp/68706516000659EDA32ECA44/output_RKU40548_1_plot.eps",
      "Plot_png": "/services/SignalP-6.0/tmp/68706516000659EDA32ECA44/output_RKU40548_1_plot.png",
      "Plot_txt": "/services/SignalP-6.0/tmp/68706516000659EDA32ECA44/output_RKU40548_1_plot.txt",
      "Prediction": "Other",
      "Likelihood": [
        1.0,
        0.0
      ],
      "Protein_types": [
        "Other",
        "Signal Peptide (Sec/SPI)"
      ],
      "CS_pos": ""
    },
    "RKU40824.1 hypothetical protein DL546_002669 _Coniochaeta pulveracea_": {
      "Name": "RKU40824.1 hypothetical protein DL546_002669 _Coniochaeta pulveracea_",
      "Plot_eps": "/services/SignalP-6.0/tmp/68706516000659EDA32ECA44/output_RKU40824_1_plot.eps",
      "Plot_png": "/services/SignalP-6.0/tmp/68706516000659EDA32ECA44/output_RKU40824_1_plot.png",
      "Plot_txt": "/services/SignalP-6.0/tmp/68706516000659EDA32ECA44/output_RKU40824_1_plot.txt",
      "Prediction": "Signal Peptide (Sec/SPI)",
      "Likelihood": [
        0.0002,
        0.9998
      ],
      "Protein_types": [
        "Other",
        "Signal Peptide (Sec/SPI)"
      ],
      "CS_pos": "Cleavage site between pos. 24 and 25. Probability 0.878935"
    },
    "RKU43484.1 hypothetical protein DL546_003263 _Coniochaeta pulveracea_": {
      "Name": "RKU43484.1 hypothetical protein DL546_003263 _Coniochaeta pulveracea_",
      "Plot_eps": "/services/SignalP-6.0/tmp/68706516000659EDA32ECA44/output_RKU43484_1_plot.eps",
      "Plot_png": "/services/SignalP-6.0/tmp/68706516000659EDA32ECA44/output_RKU43484_1_plot.png",
      "Plot_txt": "/services/SignalP-6.0/tmp/68706516000659EDA32ECA44/output_RKU43484_1_plot.txt",
      "Prediction": "Signal Peptide (Sec/SPI)",
      "Likelihood": [
        0.0002,
        0.9998
      ],
      "Protein_types": [
        "Other",
        "Signal Peptide (Sec/SPI)"
      ],
      "CS_pos": "Cleavage site between pos. 22 and 23. Probability 0.978909"
    },
    "RKU46716.1 hypothetical protein DL546_000140 _Coniochaeta pulveracea_": {
      "Name": "RKU46716.1 hypothetical protein DL546_000140 _Coniochaeta pulveracea_",
      "Plot_eps": "/services/SignalP-6.0/tmp/68706516000659EDA32ECA44/output_RKU46716_1_plot.eps",
      "Plot_png": "/services/SignalP-6.0/tmp/68706516000659EDA32ECA44/output_RKU46716_1_plot.png",
      "Plot_txt": "/services/SignalP-6.0/tmp/68706516000659EDA32ECA44/output_RKU46716_1_plot.txt",
      "Prediction": "Signal Peptide (Sec/SPI)",
      "Likelihood": [
        0.0002,
        0.9999
      ],
      "Protein_types": [
        "Other",
        "Signal Peptide (Sec/SPI)"
      ],
      "CS_pos": "Cleavage site between pos. 21 and 22. Probability 0.815658"
    }
  },
  "FORMAT": "all",
  "ORG": "eukarya",
  "MODE": "slow-sequential",
  "REGION_GFF_FILE": "/services/SignalP-6.0/tmp/68706516000659EDA32ECA44/region_output.gff3"
}